Mesh ID,Cross-section type,Pressure (MPa),Aspect Ratio,Pore Area (um^2)
idealised_final_2_7,oval,0.1,[np.float64(1.3021615885500046)],53.7351
idealised_final_2_1,oval,0.0,[np.float64(1.3954198081756166)],73.4116
idealised_final_2_1,circular,1.2,[np.float64(0.9510354874989991)],72.0887
idealised_final_2_3,oval,1.3,[np.float64(1.0906735592148054)],82.13130000000001
idealised_final_2_7,circular,1.1,[np.float64(1.0487071154913832)],51.7345
idealised_final_1_6,oval,0.4,[np.float64(1.2618063818437586)],62.85770000000001
idealised_final_3_2,oval,0.6,[np.float64(1.1028112630384548)],24.8335
idealised_final_1_8,circular,0.7,[np.float64(0.9591998917669885)],65.7216
idealised_final_1_3,circular,0.7,[np.float64(0.9551146967821763)],44.78020000000001
idealised_final_2_6a,circular,0.9,[np.float64(0.9409105781513188)],20.7013
idealised_final_1_5,oval,0.3,[np.float64(1.2660299219545321)],53.572700000000005
idealised_final_3_2,oval,0.1,[np.float64(1.2105174050122827)],23.0924
idealised_final_1_8,oval,0.0,[np.float64(1.173360326158104)],65.9449
idealised_final_1_3,oval,1.1,[np.float64(1.12336726299703)],50.5771
idealised_final_2_7,circular,1.7,[np.float64(1.0628229110207525)],51.377900000000004
idealised_final_1_3,oval,1.8,[np.float64(1.0731340235096192)],51.6113
idealised_final_3_6,oval,0.6,[np.float64(1.409440439118933)],53.9083
idealised_final_3_7,circular,1.7,[np.float64(1.073636749879023)],24.2154
idealised_final_1_5,oval,1.1,[np.float64(1.118657349258464)],56.8336
idealised_final_3_6,oval,1.5,[np.float64(1.2272992957408981)],59.0625
idealised_final_3_7,circular,1.1,[np.float64(1.0555084276060764)],24.6866
idealised_final_2_6a,circular,0.6,[np.float64(0.9554612398096463)],20.9685
idealised_final_3_6,circular,1.4,[np.float64(1.0604399168371117)],40.1438
idealised_final_3_6,circular,0.7,[np.float64(1.0332322985277298)],40.7181
idealised_final_1_6,oval,0.7,[np.float64(1.1937457239773666)],64.741
idealised_final_2_7,oval,0.6,[np.float64(1.170226854516289)],57.865500000000004
idealised_final_2_7,circular,0.9,[np.float64(1.0418600581258735)],51.8205
idealised_final_3_4,oval,0.0,[np.float64(1.109200284952904)],23.1723
idealised_final_1_4,oval,1.3,[np.float64(1.0568373554156236)],47.796400000000006
idealised_final_2_6a,oval,1.8,[np.float64(1.1071031971536671)],24.8453
idealised_final_2_6a,oval,1.1,[np.float64(1.1693500945395199)],24.2188
idealised_final_3_7,circular,1.8,[np.float64(1.0758752870981823)],24.171100000000003
idealised_final_2_6a,circular,0.3,[np.float64(0.9761130031513161)],21.166300000000003
idealised_final_3_6,oval,0.7,[np.float64(1.369085201750952)],54.7271
idealised_final_2_7,circular,0.5,[np.float64(0.9775611098463399)],51.8067
idealised_final_1_8,circular,0.5,[np.float64(0.9677274456646201)],65.94980000000001
idealised_final_2_6a,circular,1.3,[np.float64(0.9272988694824562)],20.3129
idealised_final_2_7,oval,1.9,[np.float64(1.0603714927480212)],60.3653
idealised_final_1_3,circular,1.1,[np.float64(0.9412925414959222)],44.19400000000001
idealised_final_2_7,oval,1.6,[np.float64(1.0750298364288804)],59.995200000000004
idealised_final_1_3,oval,1.4,[np.float64(1.097794433787539)],51.1003
idealised_final_3_2,circular,0.3,[np.float64(0.9848141150210791)],22.9818
idealised_final_1_3,oval,0.2,[np.float64(1.3077647098546994)],47.216300000000004
idealised_final_3_4,circular,1.3,[np.float64(1.0650972703196084)],25.1112
idealised_final_1_8,oval,1.6,[np.float64(1.0082710534699577)],69.1707
idealised_final_2_6a,oval,1.4,[np.float64(1.1376613544512792)],24.5271
idealised_final_3_2,circular,0.8,[np.float64(1.0506308519823755)],23.023600000000002
idealised_final_1_6,oval,2.0,[np.float64(1.0738838018571824)],68.1144
idealised_final_1_4,oval,0.2,[np.float64(1.1949275883285106)],45.3411
idealised_final_3_4,circular,0.0,[np.float64(1.0225377737563603)],23.1723
idealised_final_3_6,oval,1.4,[np.float64(1.2395873804540822)],58.6874
idealised_final_2_1,circular,0.3,[np.float64(0.979862497901352)],73.2833
idealised_final_2_6a,oval,0.1,[np.float64(1.474378606049465)],21.7558
idealised_final_2_3,oval,1.6,[np.float64(1.0723182462093483)],82.77680000000001
idealised_final_1_3,oval,1.2,[np.float64(1.1139729945313375)],50.78770000000001
idealised_final_1_6,circular,1.6,[np.float64(1.0660621148307743)],55.296099999999996
idealised_final_2_6a,circular,1.7,[np.float64(0.9178100421736208)],19.893300000000004
idealised_final_3_7,circular,1.0,[np.float64(1.0514626732570205)],24.7262
idealised_final_3_6,circular,0.5,[np.float64(1.0208285206793195)],40.706
idealised_final_3_6,oval,1.1,[np.float64(1.2850097037888275)],57.3667
idealised_final_1_4,oval,0.3,[np.float64(1.1716163732182145)],45.8838
idealised_final_2_3,oval,0.0,[np.float64(1.3956511588420073)],74.242
idealised_final_2_1,circular,1.8,[np.float64(0.9429481650187251)],71.24220000000001
idealised_final_1_3,circular,0.8,[np.float64(0.951076002903447)],44.67020000000001
idealised_final_1_4,oval,0.0,[np.float64(1.2621329355045348)],42.7526
idealised_final_2_6a,circular,0.0,[np.float64(1.006405035262444)],21.0004
idealised_final_1_4,circular,0.0,[np.float64(1.009496696009999)],42.7526
idealised_final_2_3,oval,0.6,[np.float64(1.1660747985060704)],79.7299
idealised_final_3_2,circular,0.2,[np.float64(0.9943982087986417)],22.7802
idealised_final_1_5,circular,1.8,[np.float64(0.923498345713186)],47.7786
idealised_final_3_2,oval,0.2,[np.float64(1.1797233946456023)],23.7785
idealised_final_3_6,circular,1.5,[np.float64(1.063012205868175)],40.053000000000004
idealised_final_3_7,oval,1.8,[np.float64(1.2047038233965406)],35.7216
idealised_final_1_4,oval,1.0,[np.float64(1.0779151283829171)],47.508599999999994
idealised_final_2_7,oval,1.4,[np.float64(1.0870400294640803)],59.749700000000004
idealised_final_2_3,oval,1.0,[np.float64(1.1155504875116122)],81.3035
idealised_final_2_1,circular,0.2,[np.float64(0.9859075438554261)],73.3293
idealised_final_1_6,oval,0.9,[np.float64(1.159949211295672)],65.5909
idealised_final_1_6,oval,1.9,[np.float64(1.0786925175332074)],67.9163
idealised_final_2_1,circular,2.0,[np.float64(0.9411211743801859)],71.02940000000001
idealised_final_3_7,oval,1.6,[np.float64(1.2245197080258448)],35.316900000000004
idealised_final_3_2,oval,1.7,[np.float64(1.0193934847826982)],25.1838
idealised_final_1_8,circular,1.8,[np.float64(0.9353735463107761)],64.0834
idealised_final_2_6a,circular,1.2,[np.float64(0.9302369646106735)],20.3995
idealised_final_2_6a,oval,0.6,[np.float64(1.2544033961819432)],23.4676
idealised_final_3_2,oval,1.6,[np.float64(1.0238537215964438)],25.187200000000004
idealised_final_1_8,oval,1.4,[np.float64(1.01575131956955)],69.1068
idealised_final_3_2,oval,1.1,[np.float64(1.0530959463101903)],25.1646
idealised_final_2_7,oval,1.0,[np.float64(1.1191681425255098)],59.038900000000005
idealised_final_3_6,oval,1.9,[np.float64(1.188024260240158)],60.3495
idealised_final_2_7,oval,1.3,[np.float64(1.0939104878141455)],59.5653
idealised_final_1_6,oval,1.4,[np.float64(1.1095981505388217)],66.9619
idealised_final_3_2,circular,0.1,[np.float64(1.005380452819226)],22.372600000000002
idealised_final_2_3,circular,1.4,[np.float64(0.9441677777268788)],72.5184
idealised_final_1_3,circular,1.7,[np.float64(0.9288210193119855)],43.3333
idealised_final_1_5,circular,0.6,[np.float64(0.9565242063759386)],49.802
idealised_final_1_4,oval,1.2,[np.float64(1.0631660316495937)],47.7171
idealised_final_2_3,circular,0.1,[np.float64(0.9926739776410032)],74.2388
idealised_final_2_1,circular,1.6,[np.float64(0.9451464499519306)],71.519
idealised_final_1_8,oval,1.0,[np.float64(1.0368757635146386)],69.0357
idealised_final_3_4,oval,1.6,[np.float64(1.0279419218103607)],26.577400000000004
idealised_final_1_6,oval,1.3,[np.float64(1.1176399405407116)],66.717
idealised_final_1_8,circular,1.3,[np.float64(0.9428865979429729)],64.81569999999999
idealised_final_3_2,circular,1.2,[np.float64(1.0683646235417115)],22.6996
idealised_final_2_3,oval,2.0,[np.float64(1.054193072958046)],83.4472
idealised_final_1_5,circular,1.3,[np.float64(0.932382032923485)],48.6308
idealised_final_2_3,circular,1.9,[np.float64(0.9380495011207175)],71.819
idealised_final_3_7,oval,1.1,[np.float64(1.2929622298624128)],34.0268
idealised_final_3_6,oval,0.5,[np.float64(1.4475082653626203)],52.8991
idealised_final_3_7,circular,0.1,[np.float64(0.9881870956100631)],23.784900000000004
idealised_final_1_3,circular,0.9,[np.float64(0.9474607181850118)],44.52980000000001
idealised_final_3_2,oval,0.0,[np.float64(1.2483269480093817)],21.2955
idealised_final_1_6,circular,1.4,[np.float64(1.061858158828457)],55.487500000000004
idealised_final_2_1,oval,1.1,[np.float64(1.1056946862139068)],80.2339
idealised_final_3_6,circular,0.4,[np.float64(1.0133813818671729)],40.6174
idealised_final_3_6,circular,0.8,[np.float64(1.0384391766706433)],40.6522
idealised_final_2_7,circular,0.3,[np.float64(0.9903589042489692)],51.5458
idealised_final_1_4,circular,0.8,[np.float64(0.9576912027446722)],43.5862
idealised_final_2_1,oval,0.3,[np.float64(1.2284710002101962)],76.5081
idealised_final_1_4,circular,1.1,[np.float64(0.9476289620512751)],43.3253
idealised_final_1_8,oval,1.3,[np.float64(1.020018720889976)],69.0913
idealised_final_3_7,oval,0.4,[np.float64(1.4901709368862053)],30.614
idealised_final_3_6,oval,0.8,[np.float64(1.3448917755564096)],55.4807
idealised_final_1_8,oval,1.7,[np.float64(1.0050094699297474)],69.1903
idealised_final_1_3,circular,0.2,[np.float64(0.9852801594737753)],45.249700000000004
idealised_final_1_3,circular,1.2,[np.float64(0.9386859790636924)],44.060100000000006
idealised_final_2_3,circular,0.9,[np.float64(0.9544003290630187)],73.3296
idealised_final_1_5,circular,0.4,[np.float64(0.9682736608889951)],50.0333
idealised_final_1_6,circular,0.5,[np.float64(0.9737354202152085)],55.9749
idealised_final_3_7,oval,0.7,[np.float64(1.3776465442863237)],32.4133
idealised_final_1_4,oval,1.8,[np.float64(1.0324022331585136)],48.062
idealised_final_1_3,oval,1.6,[np.float64(1.08440897862985)],51.35640000000001
idealised_final_2_7,oval,1.7,[np.float64(1.0697427070046979)],60.136500000000005
idealised_final_2_3,oval,1.9,[np.float64(1.0581991578376142)],83.3052
idealised_final_3_6,circular,0.3,[np.float64(1.0048793237812355)],40.397200000000005
idealised_final_3_2,oval,0.3,[np.float64(1.1548045755576735)],24.172800000000002
idealised_final_2_3,oval,1.7,[np.float64(1.0672151827338954)],82.9418
idealised_final_3_2,oval,0.5,[np.float64(1.1173547271910726)],24.697300000000002
idealised_final_1_3,circular,0.4,[np.float64(0.9707545129816858)],45.1278
idealised_final_1_5,oval,0.8,[np.float64(1.1548310047622394)],56.017700000000005
idealised_final_3_2,circular,1.7,[np.float64(1.083255847305937)],22.242200000000004
idealised_final_2_6a,oval,0.9,[np.float64(1.1970352890872986)],23.9738
idealised_final_3_4,oval,0.7,[np.float64(1.0175972504932573)],26.745300000000004
idealised_final_2_1,oval,1.8,[np.float64(1.0631195646858391)],81.7252
idealised_final_3_4,oval,0.1,[np.float64(1.0910549765589357)],25.0168
idealised_final_2_1,oval,1.4,[np.float64(1.0839566587992349)],80.9705
idealised_final_1_6,circular,0.8,[np.float64(0.9591601217101757)],55.961400000000005
idealised_final_1_8,circular,0.8,[np.float64(0.9556116645631108)],65.5678
idealised_final_2_1,oval,1.3,[np.float64(1.0904658922557093)],80.7283
idealised_final_3_2,circular,2.0,[np.float64(1.0902740838336489)],21.9498
idealised_final_2_1,circular,1.7,[np.float64(0.9439979162319835)],71.3704
idealised_final_1_5,oval,1.4,[np.float64(1.093062101625534)],57.3878
idealised_final_3_2,circular,1.5,[np.float64(1.078040863871167)],22.427400000000002
idealised_final_1_3,oval,1.0,[np.float64(1.133937138618812)],50.383
idealised_final_3_7,circular,1.2,[np.float64(1.059210839953603)],24.6202
idealised_final_3_2,oval,0.4,[np.float64(1.1344195143248565)],24.4854
idealised_final_2_6a,circular,0.1,[np.float64(0.9951542001120512)],21.147
idealised_final_2_1,circular,0.4,[np.float64(0.9747081960091782)],73.1918
idealised_final_1_3,oval,2.0,[np.float64(1.0635079135115955)],51.84270000000001
idealised_final_3_2,circular,0.7,[np.float64(1.0450120212476484)],23.0511
idealised_final_1_5,circular,0.3,[np.float64(0.9754611444583869)],50.0833
idealised_final_3_4,circular,0.4,[np.float64(1.0182662209758357)],25.402600000000003
idealised_final_2_3,circular,0.4,[np.float64(0.9730541983515004)],74.0828
idealised_final_1_5,circular,0.0,[np.float64(1.0039676639392077)],49.6223
idealised_final_3_2,oval,0.9,[np.float64(1.069507584344921)],25.0652
idealised_final_3_7,oval,1.2,[np.float64(1.276855478863865)],34.341300000000004
idealised_final_2_3,oval,0.2,[np.float64(1.2677008269847212)],76.8262
idealised_final_2_7,circular,0.8,[np.float64(0.9635133933589041)],51.8723
idealised_final_1_6,circular,1.9,[np.float64(1.0710231759362403)],55.064800000000005
idealised_final_1_3,oval,0.8,[np.float64(1.1592046631026416)],49.915600000000005
idealised_final_3_4,circular,1.5,[np.float64(1.0711265437926607)],24.942000000000004
idealised_final_2_6a,oval,2.0,[np.float64(1.095116739307198)],24.9914
idealised_final_2_3,oval,0.5,[np.float64(1.183976686465958)],79.1808
idealised_final_1_4,circular,1.6,[np.float64(0.936369893701334)],42.8121
idealised_final_1_3,oval,1.9,[np.float64(1.0681368387886552)],51.7496
idealised_final_1_3,oval,0.4,[np.float64(1.2382548225135817)],48.4305
idealised_final_1_5,circular,1.7,[np.float64(0.9249429395801615)],47.9475
idealised_final_3_7,circular,0.2,[np.float64(0.9989497008284199)],24.294500000000003
idealised_final_3_4,circular,1.6,[np.float64(1.0737785659346872)],24.9062
idealised_final_1_5,oval,1.7,[np.float64(1.07392090308861)],57.8595
idealised_final_3_7,oval,1.3,[np.float64(1.2618474113957459)],34.614200000000004
idealised_final_1_4,oval,0.4,[np.float64(1.151378529848718)],46.315
idealised_final_2_1,oval,0.1,[np.float64(1.3121220278324022)],74.5976
idealised_final_1_8,oval,0.3,[np.float64(1.106182361915862)],67.8371
idealised_final_1_6,oval,0.2,[np.float64(1.3340013772850368)],60.622600000000006
idealised_final_2_6a,oval,0.3,[np.float64(1.3490261085557778)],22.6426
idealised_final_1_6,oval,1.6,[np.float64(1.0956197026871508)],67.3566
idealised_final_3_7,circular,1.5,[np.float64(1.0685697394132134)],24.3633
idealised_final_1_6,oval,0.5,[np.float64(1.2354185007104903)],63.5695
idealised_final_2_6a,oval,0.2,[np.float64(1.400320495113132)],22.254900000000003
idealised_final_2_3,oval,0.7,[np.float64(1.1510013649401487)],80.1902
idealised_final_1_4,circular,1.5,[np.float64(0.9382174015641966)],42.915
idealised_final_3_4,oval,0.9,[np.float64(1.0038106751546816)],26.7725
idealised_final_3_6,circular,1.0,[np.float64(1.0472985398601695)],40.504000000000005
idealised_final_1_4,oval,0.9,[np.float64(1.086565324412252)],47.3935
idealised_final_1_5,oval,0.0,[np.float64(1.4560644539511551)],49.6223
idealised_final_2_3,circular,1.5,[np.float64(0.9426894772033475)],72.3742
idealised_final_3_6,circular,1.6,[np.float64(1.0653587769598425)],39.925000000000004
idealised_final_3_4,circular,1.9,[np.float64(1.0809660934647713)],24.593200000000003
idealised_final_1_3,circular,0.0,[np.float64(1.0046178339959766)],45.098800000000004
idealised_final_3_6,circular,0.1,[np.float64(0.9837700064597992)],39.2959
idealised_final_1_8,circular,0.2,[np.float64(0.9858524924503977)],66.0928
idealised_final_2_7,circular,0.2,[np.float64(0.9981328818563323)],51.28980000000001
idealised_final_1_5,oval,0.4,[np.float64(1.234989844031095)],54.2638
idealised_final_3_6,circular,0.2,[np.float64(0.9950792559051935)],40.0148
idealised_final_1_3,oval,0.1,[np.float64(1.36218895684536)],46.360299999999995
idealised_final_3_7,circular,2.0,[np.float64(1.0803367090536566)],24.0127
idealised_final_3_6,circular,1.1,[np.float64(1.0510835970594992)],40.4219
idealised_final_2_3,oval,1.1,[np.float64(1.106332109643389)],81.592
idealised_final_3_4,oval,1.0,[np.float64(1.0020195789042006)],26.7861
idealised_final_1_8,oval,2.0,[np.float64(0.9966430130842624)],69.2432
idealised_final_1_5,oval,0.2,[np.float64(1.30643000955419)],52.746300000000005
idealised_final_2_7,oval,0.0,[np.float64(1.3445642116950407)],49.6499
idealised_final_2_7,circular,0.4,[np.float64(0.9835438829988823)],51.732
idealised_final_1_4,circular,1.0,[np.float64(0.9506219084467786)],43.4058
idealised_final_2_1,circular,0.6,[np.float64(0.9664010799451876)],72.96690000000001
idealised_final_1_4,oval,1.1,[np.float64(1.0701612087134513)],47.625
idealised_final_2_6a,circular,0.2,[np.float64(0.9849921380069107)],21.186700000000002
idealised_final_2_6a,circular,1.1,[np.float64(0.9334572848910406)],20.494600000000002
idealised_final_3_6,oval,1.6,[np.float64(1.2161378455597958)],59.381400000000006
idealised_final_1_6,circular,0.1,[np.float64(1.0051732125101305)],54.8001
idealised_final_2_7,circular,2.0,[np.float64(1.0674194223590645)],51.1967
idealised_final_3_2,circular,1.6,[np.float64(1.0807596868524856)],22.332200000000004
idealised_final_3_6,circular,0.9,[np.float64(1.0431051483343197)],40.5829
idealised_final_1_8,oval,1.9,[np.float64(0.9992030260505773)],69.2353
idealised_final_1_3,oval,0.3,[np.float64(1.2685515606696103)],47.8812
idealised_final_3_6,oval,1.8,[np.float64(1.196621806248519)],60.057300000000005
idealised_final_3_4,oval,1.7,[np.float64(1.0311670213546762)],26.524
idealised_final_3_7,oval,0.9,[np.float64(1.3227740567069335)],33.32
idealised_final_3_4,oval,0.4,[np.float64(1.046017880205755)],26.3958
idealised_final_1_8,circular,1.1,[np.float64(0.9471420691059731)],65.1042
idealised_final_1_6,circular,1.2,[np.float64(1.0567185124778466)],55.630100000000006
idealised_final_2_6a,circular,1.6,[np.float64(0.9198903856698796)],19.9941
idealised_final_1_3,circular,1.9,[np.float64(0.9260137870613303)],43.0496
idealised_final_3_6,circular,1.7,[np.float64(1.0675028623699694)],39.858000000000004
idealised_final_1_5,circular,2.0,[np.float64(0.9209989054467087)],47.449000000000005
idealised_final_1_6,circular,0.2,[np.float64(0.9955668394899592)],55.4403
idealised_final_1_4,oval,0.6,[np.float64(1.1198484378658007)],46.8583
idealised_final_2_1,oval,1.9,[np.float64(1.0589169641341716)],81.8893
idealised_final_3_4,oval,0.5,[np.float64(1.0352250030133294)],26.576
idealised_final_3_2,oval,1.2,[np.float64(1.0460986339521674)],25.168400000000002
idealised_final_3_7,circular,0.4,[np.float64(1.0166694256161164)],24.765700000000002
idealised_final_3_7,circular,0.8,[np.float64(1.0421328049846637)],24.8333
idealised_final_2_3,oval,0.1,[np.float64(1.3162834401743024)],75.7246
idealised_final_1_5,circular,1.2,[np.float64(0.9347671164517868)],48.7891
idealised_final_1_6,circular,1.8,[np.float64(1.0695314409462726)],55.1424
idealised_final_3_4,circular,1.2,[np.float64(1.0616673684726883)],25.2342
idealised_final_1_6,circular,2.0,[np.float64(1.0723841241525094)],54.9917
idealised_final_3_7,circular,0.5,[np.float64(1.024132345150838)],24.805300000000003
idealised_final_3_7,oval,1.4,[np.float64(1.2481882521562626)],34.859300000000005
idealised_final_2_3,oval,1.8,[np.float64(1.0625268987128325)],83.1101
idealised_final_3_7,oval,0.1,[np.float64(1.78534471856003)],27.182600000000004
idealised_final_1_4,circular,0.1,[np.float64(0.998125932346649)],43.2809
idealised_final_2_3,oval,1.5,[np.float64(1.077869797130845)],82.5499
idealised_final_1_8,circular,0.3,[np.float64(0.9789989256904091)],66.115
idealised_final_1_6,oval,1.8,[np.float64(1.083883429625836)],67.7369
idealised_final_1_4,oval,2.0,[np.float64(1.0250731840988194)],48.159000000000006
idealised_final_3_4,oval,1.2,[np.float64(1.0121623749781523)],26.729400000000002
idealised_final_1_8,oval,0.5,[np.float64(1.0781988729191399)],68.3446
idealised_final_1_4,oval,1.5,[np.float64(1.0457989247385167)],47.9091
idealised_final_3_2,oval,1.5,[np.float64(1.0287011507590316)],25.188200000000002
idealised_final_3_2,circular,0.5,[np.float64(0.9691248744320516)],23.104400000000002
idealised_final_2_3,oval,0.4,[np.float64(1.2055928184831168)],78.52420000000001
idealised_final_1_6,oval,0.8,[np.float64(1.174138993921434)],65.1962
idealised_final_3_2,circular,0.6,[np.float64(1.0387893601843827)],23.085500000000003
idealised_final_1_4,circular,0.2,[np.float64(0.9897355695930287)],43.5441
idealised_final_2_1,circular,0.9,[np.float64(0.9573821227816878)],72.5684
idealised_final_1_4,circular,1.7,[np.float64(0.9347029199966485)],42.716800000000006
idealised_final_3_2,oval,2.0,[np.float64(1.0079141428767084)],25.1609
idealised_final_1_4,oval,0.8,[np.float64(1.096278015556005)],47.267700000000005
idealised_final_3_7,circular,0.9,[np.float64(1.0470202656119965)],24.765
idealised_final_1_6,oval,1.0,[np.float64(1.1474773553344806)],65.9175
idealised_final_1_6,circular,1.3,[np.float64(1.0594201849179086)],55.5545
idealised_final_2_1,circular,0.0,[np.float64(1.0026128038443964)],73.4116
idealised_final_3_4,oval,1.4,[np.float64(1.0206888465603101)],26.6341
idealised_final_1_3,circular,1.3,[np.float64(0.9363099099683893)],43.910500000000006
idealised_final_1_4,oval,1.4,[np.float64(1.0510686763622752)],47.8629
idealised_final_3_7,oval,0.8,[np.float64(1.3454481304813246)],32.8865
idealised_final_3_7,circular,1.4,[np.float64(1.0657120096698813)],24.475
idealised_final_2_3,circular,0.3,[np.float64(0.9785806166587895)],74.1606
idealised_final_1_3,oval,0.6,[np.float64(1.1938609803847013)],49.28810000000001
idealised_final_2_3,oval,1.4,[np.float64(1.0839632040494138)],82.3457
idealised_final_1_5,oval,0.9,[np.float64(1.1411921982997848)],56.32020000000001
idealised_final_1_5,circular,0.5,[np.float64(0.9619740229144371)],49.92940000000001
idealised_final_3_6,circular,1.8,[np.float64(1.0694637261188786)],39.7581
idealised_final_2_7,oval,1.8,[np.float64(1.0648755655016224)],60.2374
idealised_final_2_1,oval,0.2,[np.float64(1.2631616777467778)],75.6362
idealised_final_3_4,circular,1.1,[np.float64(1.057919641597904)],25.2984
idealised_final_1_3,circular,0.5,[np.float64(0.9648465128237923)],45.03640000000001
idealised_final_2_6a,oval,0.0,[np.float64(1.6158497909194847)],21.0004
idealised_final_1_8,oval,0.9,[np.float64(1.0422410656788903)],68.8906
idealised_final_3_7,circular,0.3,[np.float64(1.0083423079579208)],24.5819
idealised_final_2_1,oval,1.5,[np.float64(1.0780482815694172)],81.1712
idealised_final_2_6a,circular,1.8,[np.float64(0.9158992237258498)],19.7899
idealised_final_2_7,circular,0.7,[np.float64(0.9676553159335644)],51.861900000000006
idealised_final_1_4,oval,1.7,[np.float64(1.0365202789468602)],48.0338
idealised_final_3_6,oval,2.0,[np.float64(1.1800895012824573)],60.6507
idealised_final_2_1,circular,0.8,[np.float64(0.9600251338853408)],72.67360000000001
idealised_final_3_4,circular,2.0,[np.float64(1.0832100422856918)],24.5366
idealised_final_1_4,circular,0.7,[np.float64(0.9618218420120122)],43.6462
idealised_final_1_6,oval,0.3,[np.float64(1.2933818604712564)],61.88230000000001
idealised_final_3_2,circular,1.9,[np.float64(1.0879804370646213)],22.0518
idealised_final_3_2,circular,1.8,[np.float64(1.085562924221412)],22.1312
idealised_final_3_7,oval,0.0,[np.float64(2.125649976553952)],22.533800000000003
idealised_final_2_3,circular,1.3,[np.float64(0.9457927836714035)],72.6644
idealised_final_1_8,circular,0.0,[np.float64(1.0035014434957386)],65.9449
idealised_final_3_6,circular,0.6,[np.float64(1.0274011950389983)],40.707300000000004
idealised_final_3_4,oval,0.3,[np.float64(1.0585853962271103)],26.1427
idealised_final_1_5,oval,1.3,[np.float64(1.1007306406116506)],57.2236
idealised_final_2_1,circular,0.1,[np.float64(0.9931169213483589)],73.3876
idealised_final_2_1,oval,0.6,[np.float64(1.163106859524601)],78.396
idealised_final_2_7,circular,1.9,[np.float64(1.0660244899922646)],51.24900000000001
idealised_final_2_3,oval,1.2,[np.float64(1.098093689822753)],81.8728
idealised_final_2_1,circular,1.9,[np.float64(0.9419963281567925)],71.1424
idealised_final_2_3,circular,0.7,[np.float64(0.9604788153698166)],73.658
idealised_final_2_7,oval,0.9,[np.float64(1.129604186386614)],58.828900000000004
idealised_final_2_7,circular,1.2,[np.float64(1.0516550286187896)],51.666500000000006
idealised_final_2_3,circular,2.0,[np.float64(0.937136737888155)],71.7047
idealised_final_1_6,oval,0.0,[np.float64(1.462192004271801)],53.4819
idealised_final_1_5,oval,1.8,[np.float64(1.0685693352261139)],58.006800000000005
idealised_final_2_6a,oval,1.7,[np.float64(1.1138198893599733)],24.783600000000003
idealised_final_2_7,circular,0.1,[np.float64(1.007080344993793)],50.775600000000004
idealised_final_3_7,oval,0.2,[np.float64(1.6439432052318272)],28.7239
idealised_final_1_5,oval,0.5,[np.float64(1.2102297811635165)],54.81190000000001
idealised_final_1_3,oval,0.7,[np.float64(1.1760922055573844)],49.617200000000004
idealised_final_2_6a,circular,1.0,[np.float64(0.9369970018400381)],20.6198
idealised_final_1_8,oval,1.8,[np.float64(1.0019945051881634)],69.1991
idealised_final_1_8,circular,1.7,[np.float64(0.9365959454335644)],64.2018
idealised_final_2_6a,oval,0.7,[np.float64(1.2329662295404213)],23.643600000000003
idealised_final_3_7,circular,1.6,[np.float64(1.0712082063464923)],24.309
idealised_final_3_2,circular,1.4,[np.float64(1.075087418664221)],22.506500000000003
idealised_final_1_3,oval,1.7,[np.float64(1.078534437860237)],51.498599999999996
idealised_final_2_3,circular,0.6,[np.float64(0.9641242606126205)],73.7958
idealised_final_3_7,circular,1.3,[np.float64(1.0626032967283137)],24.5312
idealised_final_3_6,oval,0.3,[np.float64(1.5630703040633123)],50.3008
idealised_final_2_6a,circular,1.9,[np.float64(0.9141288208687371)],19.6923
idealised_final_3_7,oval,0.5,[np.float64(1.444430480236187)],31.3079
idealised_final_3_4,circular,1.0,[np.float64(1.0538085785894182)],25.3444
idealised_final_3_2,circular,1.1,[np.float64(1.064534410787706)],22.7936
idealised_final_3_7,oval,0.3,[np.float64(1.5531387686860647)],29.761
idealised_final_3_4,oval,1.1,[np.float64(1.00731905507396)],26.7601
idealised_final_1_5,circular,1.0,[np.float64(0.9404177558397223)],49.1587
idealised_final_1_5,circular,0.2,[np.float64(0.9838039047034279)],50.072900000000004
idealised_final_2_6a,oval,1.3,[np.float64(1.1471867360111054)],24.4364
idealised_final_3_4,oval,0.2,[np.float64(1.0733993673588107)],25.7431
idealised_final_2_7,circular,0.0,[np.float64(1.0164689506595974)],49.6499
idealised_final_2_1,oval,1.7,[np.float64(1.067682065390465)],81.56020000000001
idealised_final_1_4,circular,0.5,[np.float64(0.9697775944748388)],43.71730000000001
idealised_final_1_8,circular,0.4,[np.float64(0.9729826092212269)],66.031
idealised_final_1_8,circular,1.2,[np.float64(0.9449195832612745)],64.9676
idealised_final_1_6,circular,0.3,[np.float64(0.9872341648639676)],55.7288
idealised_final_2_1,circular,0.7,[np.float64(0.9630084717970702)],72.8104
idealised_final_2_1,oval,0.8,[np.float64(1.135823967573705)],79.2562
idealised_final_3_6,oval,0.1,[np.float64(1.822247042868177)],46.081700000000005
idealised_final_1_8,circular,1.5,[np.float64(0.9394202127519177)],64.5035
idealised_final_2_7,oval,0.7,[np.float64(1.1547808302281635)],58.228
idealised_final_2_3,circular,0.8,[np.float64(0.9572682278211454)],73.4826
idealised_final_2_6a,circular,0.7,[np.float64(0.9500629175675361)],20.8844
idealised_final_2_3,circular,1.0,[np.float64(0.9518962585425363)],73.1575
idealised_final_1_8,oval,1.5,[np.float64(1.011842029801622)],69.1372
idealised_final_2_3,circular,0.5,[np.float64(0.9682834519617105)],73.9291
idealised_final_1_8,oval,0.1,[np.float64(1.1459910666306252)],66.90440000000001
idealised_final_3_4,circular,1.4,[np.float64(1.068242655427857)],25.044900000000002
idealised_final_1_5,oval,0.6,[np.float64(1.1887492220482787)],55.2852
idealised_final_2_3,oval,0.9,[np.float64(1.1260045625523314)],80.982
idealised_final_1_4,oval,1.6,[np.float64(1.0409617847482888)],47.9929
idealised_final_2_3,circular,1.8,[np.float64(0.9390510915880905)],71.9415
idealised_final_2_6a,circular,1.4,[np.float64(0.924620056944901)],20.202
idealised_final_1_6,circular,0.7,[np.float64(0.96342258604008)],56.003
idealised_final_1_5,circular,0.7,[np.float64(0.9517218012631101)],49.6597
idealised_final_1_4,circular,0.4,[np.float64(0.9756370838590257)],43.7262
idealised_final_2_3,oval,0.3,[np.float64(1.2326357041609364)],77.7554
idealised_final_2_6a,oval,1.2,[np.float64(1.157724251471785)],24.353
idealised_final_3_4,oval,1.5,[np.float64(1.0244559993921842)],26.6232
idealised_final_3_4,circular,0.8,[np.float64(1.0443116323036985)],25.4692
idealised_final_2_1,oval,0.9,[np.float64(1.1247204424088075)],79.60520000000001
idealised_final_1_6,circular,0.6,[np.float64(0.9682506531952499)],56.013000000000005
idealised_final_2_3,circular,1.2,[np.float64(0.9476051680185771)],72.8118
idealised_final_1_8,circular,1.6,[np.float64(0.9379448491288658)],64.35170000000001
idealised_final_2_1,circular,1.1,[np.float64(0.952931039080397)],72.21180000000001
idealised_final_3_4,circular,0.6,[np.float64(1.0326993653996606)],25.518400000000003
idealised_final_1_6,oval,1.2,[np.float64(1.1265324073809146)],66.49650000000001
idealised_final_1_3,circular,1.0,[np.float64(0.9442104412396903)],44.3464
idealised_final_2_7,circular,0.6,[np.float64(0.9723091081220665)],51.8705
idealised_final_2_7,circular,1.3,[np.float64(1.054329999946264)],51.616400000000006
idealised_final_2_7,oval,0.8,[np.float64(1.1413771897051936)],58.5341
idealised_final_1_3,oval,1.5,[np.float64(1.0907954968768874)],51.229800000000004
idealised_final_1_8,oval,1.2,[np.float64(1.024733243808861)],69.03790000000001
idealised_final_1_6,oval,1.1,[np.float64(1.1364170276199637)],66.2111
idealised_final_1_5,oval,1.0,[np.float64(1.1292403773173851)],56.5716
idealised_final_1_4,oval,1.9,[np.float64(1.0286021740229185)],48.123000000000005
idealised_final_1_6,circular,0.4,[np.float64(0.9800140589010369)],55.9182
idealised_final_1_8,oval,1.1,[np.float64(1.0299670528970104)],69.02980000000001
idealised_final_1_6,circular,0.0,[np.float64(1.0152415488379651)],53.4819
idealised_final_2_3,circular,1.7,[np.float64(0.9401483511050035)],72.07100000000001
idealised_final_1_5,oval,1.6,[np.float64(1.0797395174076658)],57.6993
idealised_final_3_7,oval,2.0,[np.float64(1.1878372746928638)],36.0899
idealised_final_2_3,circular,1.6,[np.float64(0.941357276396576)],72.2244
idealised_final_2_6a,oval,1.6,[np.float64(1.1211056409819138)],24.6965
idealised_final_1_8,oval,0.2,[np.float64(1.124240821897691)],67.4544
idealised_final_1_8,oval,0.4,[np.float64(1.0909866404523678)],68.1224
idealised_final_3_7,circular,0.6,[np.float64(1.0307735586863371)],24.8475
idealised_final_2_1,oval,1.6,[np.float64(1.0726355099341212)],81.362
idealised_final_1_5,circular,1.4,[np.float64(0.9302230975678741)],48.438500000000005
idealised_final_3_4,circular,0.1,[np.float64(1.0111552576120058)],24.442400000000003
idealised_final_1_4,circular,0.3,[np.float64(0.982255638356298)],43.686400000000006
idealised_final_2_7,oval,0.3,[np.float64(1.234287382220023)],56.1734
idealised_final_3_2,oval,0.7,[np.float64(1.0902315509910618)],24.9311
idealised_final_1_3,circular,0.6,[np.float64(0.959680916265669)],44.909400000000005
idealised_final_3_4,oval,1.9,[np.float64(1.036937849552691)],26.4423
idealised_final_3_4,circular,1.7,[np.float64(1.0762233371588932)],24.7894
idealised_final_3_6,circular,1.3,[np.float64(1.0576150760770935)],40.2323
idealised_final_1_5,oval,2.0,[np.float64(1.0590629065269264)],58.274300000000004
idealised_final_3_4,oval,0.8,[np.float64(1.0103072319559914)],26.765700000000002
idealised_final_2_7,oval,2.0,[np.float64(1.0561959674945347)],60.4658
idealised_final_1_5,oval,1.2,[np.float64(1.109227101724811)],57.0332
idealised_final_2_1,circular,1.0,[np.float64(0.9550542967592682)],72.3896
idealised_final_3_2,oval,1.0,[np.float64(1.0608513496630676)],25.116300000000003
idealised_final_2_6a,oval,0.4,[np.float64(1.3091472474502643)],22.9598
idealised_final_2_7,circular,1.4,[np.float64(1.0567618805474766)],51.5629
idealised_final_2_1,circular,1.5,[np.float64(0.9464109571273877)],71.64620000000001
idealised_final_3_2,oval,1.3,[np.float64(1.0397598094045577)],25.1902
idealised_final_3_6,circular,0.0,[np.float64(1.0291997408543572)],37.5428
idealised_final_1_6,circular,1.7,[np.float64(1.0678823728474551)],55.2222
idealised_final_1_6,oval,1.5,[np.float64(1.1022937365866132)],67.1448
idealised_final_1_3,oval,0.5,[np.float64(1.2139967982565767)],48.890100000000004
idealised_final_2_1,circular,0.5,[np.float64(0.9702500635875262)],73.0651
idealised_final_3_4,circular,1.8,[np.float64(1.0785553850011471)],24.6941
idealised_final_1_5,circular,0.9,[np.float64(0.9437449880584691)],49.3442
idealised_final_1_5,oval,0.1,[np.float64(1.3628819051339092)],51.6043
idealised_final_3_2,oval,0.8,[np.float64(1.0792256297248288)],25.024900000000002
idealised_final_3_7,circular,1.9,[np.float64(1.0781071246469778)],24.0711
idealised_final_3_6,oval,1.0,[np.float64(1.3020086630280128)],56.78190000000001
idealised_final_2_7,circular,1.5,[np.float64(1.0589734425752357)],51.50150000000001
idealised_final_3_7,oval,1.7,[np.float64(1.2141967941556173)],35.526
idealised_final_3_4,circular,0.7,[np.float64(1.0388082482643548)],25.4971
idealised_final_1_4,circular,2.0,[np.float64(0.9304751301101206)],42.4349
idealised_final_3_6,oval,1.7,[np.float64(1.205956531843187)],59.7306
idealised_final_1_5,circular,0.8,[np.float64(0.9475079826629144)],49.5191
idealised_final_3_2,oval,1.4,[np.float64(1.0339839500049317)],25.1858
idealised_final_3_7,oval,1.5,[np.float64(1.235802449954464)],35.087
idealised_final_1_5,circular,1.1,[np.float64(0.937437818527243)],48.9958
idealised_final_1_4,circular,1.8,[np.float64(0.93316779748299)],42.611900000000006
idealised_final_3_4,circular,0.9,[np.float64(1.0492893756413297)],25.408600000000003
idealised_final_1_8,circular,0.6,[np.float64(0.9631657756790106)],65.848
idealised_final_2_1,oval,0.4,[np.float64(1.2016769523177584)],77.2377
idealised_final_1_4,oval,0.1,[np.float64(1.2237093659232756)],44.550900000000006
idealised_final_3_4,oval,1.3,[np.float64(1.016601951954458)],26.6962
idealised_final_2_7,oval,0.2,[np.float64(1.2640771330032676)],55.2116
idealised_final_1_6,circular,1.1,[np.float64(1.0537193593414573)],55.7191
idealised_final_3_6,oval,0.0,[np.float64(2.1949807288675793)],37.5428
idealised_final_1_4,circular,0.6,[np.float64(0.9645875711510457)],43.6756
idealised_final_1_8,circular,1.4,[np.float64(0.9410722213525712)],64.645
idealised_final_2_1,circular,1.3,[np.float64(0.9493666248377385)],71.93610000000001
idealised_final_3_4,oval,0.6,[np.float64(1.0258338986895932)],26.667
idealised_final_1_6,circular,1.5,[np.float64(1.0640705345922505)],55.3883
idealised_final_3_4,oval,1.8,[np.float64(1.03415972174643)],26.461
idealised_final_2_3,oval,0.8,[np.float64(1.1377927203749647)],80.60900000000001
idealised_final_1_4,circular,0.9,[np.float64(0.9539465260005456)],43.4937
idealised_final_2_7,oval,0.4,[np.float64(1.2095096323013175)],56.8557
idealised_final_2_7,oval,1.2,[np.float64(1.101481469306976)],59.4186
idealised_final_2_6a,oval,0.8,[np.float64(1.2137203626112143)],23.8107
idealised_final_3_6,oval,1.2,[np.float64(1.268349879299899)],57.8645
idealised_final_3_7,circular,0.0,[np.float64(0.9683045081083198)],22.533800000000003
idealised_final_3_2,circular,1.3,[np.float64(1.0718760691691898)],22.6113
idealised_final_3_7,oval,1.9,[np.float64(1.1959423001691483)],35.8997
idealised_final_3_2,oval,1.8,[np.float64(1.0152742946247422)],25.1627
idealised_final_3_4,circular,0.3,[np.float64(1.009686170367497)],25.244200000000003
idealised_final_2_1,oval,1.0,[np.float64(1.114629347802658)],79.91029999999999
idealised_final_3_7,oval,1.0,[np.float64(1.3062814077641514)],33.692400000000006
idealised_final_3_7,oval,0.6,[np.float64(1.4077839743871412)],31.9023
idealised_final_1_5,circular,1.5,[np.float64(0.9282838033967352)],48.265600000000006
idealised_final_3_6,circular,1.2,[np.float64(1.054509000186268)],40.3223
idealised_final_1_5,circular,1.9,[np.float64(0.9221888473846827)],47.6176
idealised_final_1_6,circular,1.0,[np.float64(1.0503956218449408)],55.801
idealised_final_3_2,circular,0.4,[np.float64(0.9764542565802289)],23.0572
idealised_final_1_6,oval,0.6,[np.float64(1.2128474651984662)],64.2308
idealised_final_2_6a,oval,1.9,[np.float64(1.1008849677082981)],24.920500000000004
idealised_final_2_7,circular,1.0,[np.float64(1.0454528244527863)],51.777100000000004
idealised_final_1_5,oval,1.9,[np.float64(1.06363116501187)],58.1303
idealised_final_1_3,circular,0.3,[np.float64(0.9774809711919195)],45.202799999999996
idealised_final_1_6,oval,0.1,[np.float64(1.3891073667128886)],58.6807
idealised_final_1_3,circular,1.8,[np.float64(0.9273564231774973)],43.1624
idealised_final_3_6,oval,0.2,[np.float64(1.6598834821204675)],48.566700000000004
idealised_final_2_3,circular,0.0,[np.float64(1.0025120578778135)],74.242
idealised_final_1_8,oval,0.7,[np.float64(1.0578044277919512)],68.6769
idealised_final_2_7,oval,1.5,[np.float64(1.080770155975926)],59.885400000000004
idealised_final_3_2,circular,0.9,[np.float64(1.0557120456081208)],22.951
idealised_final_1_6,circular,0.9,[np.float64(1.0467012452493756)],55.88190000000001
idealised_final_1_6,oval,1.7,[np.float64(1.0895064078510341)],67.55680000000001
idealised_final_3_4,oval,2.0,[np.float64(1.039528327603411)],26.3754
idealised_final_1_4,oval,0.5,[np.float64(1.1343663495867047)],46.629200000000004
idealised_final_1_3,oval,1.3,[np.float64(1.105476295083238)],50.9271
idealised_final_3_7,circular,0.7,[np.float64(1.0367413155627816)],24.86
idealised_final_1_8,circular,2.0,[np.float64(0.9332544354851273)],63.851800000000004
idealised_final_2_1,circular,1.4,[np.float64(0.9478051653030725)],71.77390000000001
idealised_final_1_8,oval,0.8,[np.float64(1.0495314887725922)],68.7989
idealised_final_3_4,circular,0.5,[np.float64(1.0258949052819717)],25.4872
idealised_final_1_5,oval,1.5,[np.float64(1.0860970686812785)],57.5467
idealised_final_2_6a,circular,0.5,[np.float64(0.9615030223415647)],21.0387
idealised_final_1_4,oval,0.7,[np.float64(1.1072507600100432)],47.08350000000001
idealised_final_2_6a,circular,0.4,[np.float64(0.9683370517904979)],21.1108
idealised_final_1_8,circular,0.9,[np.float64(0.9524613900296732)],65.4064
idealised_final_2_3,circular,0.2,[np.float64(0.9850332422034532)],74.19680000000001
idealised_final_2_6a,circular,2.0,[np.float64(0.9124954565339944)],19.599500000000003
idealised_final_3_6,oval,0.9,[np.float64(1.3212762447599673)],56.19480000000001
idealised_final_2_7,oval,0.5,[np.float64(1.1882033623763995)],57.4032
idealised_final_3_2,oval,1.9,[np.float64(1.0114578009857056)],25.154200000000003
idealised_final_2_6a,oval,1.5,[np.float64(1.1290346455267624)],24.6231
idealised_final_1_3,circular,0.1,[np.float64(0.9942141814540488)],45.211000000000006
idealised_final_2_7,oval,1.1,[np.float64(1.1098543704846906)],59.24400000000001
idealised_final_1_3,oval,0.0,[np.float64(1.4530883389409186)],45.098800000000004
idealised_final_2_7,circular,1.6,[np.float64(1.0609819003947023)],51.4358
idealised_final_2_6a,circular,0.8,[np.float64(0.9452412689293939)],20.7859
idealised_final_1_8,circular,0.1,[np.float64(0.9938722058384821)],66.063
idealised_final_2_6a,oval,1.0,[np.float64(1.1823567996247175)],24.0986
idealised_final_1_4,circular,1.3,[np.float64(0.9424618619462164)],43.124700000000004
idealised_final_2_6a,circular,1.5,[np.float64(0.9221572920565806)],20.1005
idealised_final_1_8,oval,0.6,[np.float64(1.0672606594856004)],68.54020000000001
idealised_final_1_4,circular,1.9,[np.float64(0.9317583018236185)],42.4995
idealised_final_1_3,oval,0.9,[np.float64(1.1457347518037715)],50.1368
idealised_final_3_6,oval,1.3,[np.float64(1.2531885107734557)],58.27140000000001
idealised_final_1_5,circular,0.1,[np.float64(0.9934195570185224)],49.953599999999994
idealised_final_3_6,circular,1.9,[np.float64(1.0714861676624976)],39.6891
idealised_final_2_1,oval,1.2,[np.float64(1.0976605459042297)],80.491
idealised_final_1_4,circular,1.4,[np.float64(0.9402394180083232)],43.04
idealised_final_3_6,oval,0.4,[np.float64(1.4948591289497621)],51.722100000000005
idealised_final_1_3,circular,1.5,[np.float64(0.9322275101388526)],43.608900000000006
idealised_final_1_3,circular,1.6,[np.float64(0.9292613033492729)],43.4701
idealised_final_2_1,oval,0.5,[np.float64(1.1806585869740038)],77.8264
idealised_final_1_5,oval,0.7,[np.float64(1.1704948092482075)],55.672799999999995
idealised_final_3_6,circular,2.0,[np.float64(1.0734274732527835)],39.5839
idealised_final_1_4,circular,1.2,[np.float64(0.9449074281660604)],43.212399999999995
idealised_final_3_4,circular,0.2,[np.float64(0.9999752263131663)],24.9705
idealised_final_3_2,circular,0.0,[np.float64(1.0163975452904352)],21.2955
idealised_final_2_1,oval,0.7,[np.float64(1.1484156888323653)],78.8486
idealised_final_3_2,circular,1.0,[np.float64(1.0603300446653505)],22.862600000000004
idealised_final_1_8,circular,1.0,[np.float64(0.9496603285291161)],65.2548
idealised_final_2_3,circular,1.1,[np.float64(0.9496384976000151)],72.992
idealised_final_1_5,circular,1.6,[np.float64(0.9265352829392395)],48.122600000000006
idealised_final_2_7,circular,1.8,[np.float64(1.0644962955234787)],51.312
idealised_final_2_6a,oval,0.5,[np.float64(1.2792401950760424)],23.236700000000003
idealised_final_1_8,circular,1.9,[np.float64(0.9342665478828508)],63.957100000000004
idealised_final_1_3,circular,1.4,[np.float64(0.9341734933893013)],43.78190000000001
idealised_final_1_3,circular,2.0,[np.float64(0.9247718867538848)],42.9166
idealised_final_2_1,oval,2.0,[np.float64(1.0550106015476524)],82.0672
